meanfreq,sd
0.57381424,0.021233751414196668
