"meanfreq","sd","median","Q25","Q75","IQR","skew","kurt","sp.ent","sfm","mode","centroid","meanfun","minfun","maxfun","meandom","mindom","maxdom","dfrange","modindx","label"
0.57381424,0.021233751414196668,0.014768786380971499,0.05703921617824167,0.029147537384584507,0.02344361576676034,4.591713317842985,35.21754444885822,0.893369416700807,0.491917766397811,0.03521754444885822,0.0597809849598081,0.084279106440321,0.0157016683022571,0.275862068965517,0.0078125,0.0078125,0.0078125,0,0,"male"
