"meanfreq,""sd"",""median"",""Q25"",""Q75"",""IQR"",""skew"",""kurt"",""sp.ent"",""sfm"",""mode"",""centroid"",""meanfun"",""minfun"",""maxfun"",""meandom"",""mindom"",""maxdom"",""dfrange"",""modindx"",""label"""
"0.57381424,0.021233751414196668,0.014768786380971499,0.05703921617824167,0.029147537384584507,0.02344361576676034,4.591713317842985,35.21754444885822,0.893369416700807,0.491917766397811,0.03521754444885822,0.0597809849598081,0.084279106440321,0.0157016683022571,0.275862068965517,0.0078125,0.0078125,0.0078125,0,0,""male"""
"0.721269,0.023025145110713684,0.05214154411764705,0.03794117647058823,0.08134191176470587,0.043400735294117635,6.91765888426133,66.49877993452037,0.892193242265734,0.513723842537073,0.042545955882352933,0.066008740387572,0.107936553670454,0.0158259149357072,0.25,0.00901442307692308,0.0078125,0.0546875,0.046875,0.0526315789473684,""male"""
"0.065973396,0.08473681077695088,0.05214154411764705,0.03794117647058823,0.060072509765625,0.043400735294117635,150.27159080872642,27789.644159917814,0.846389091878782,0.478904979116727,0.04998779296875,0.0773155026958227,0.0987062615673936,0.0156555772994129,0.271186440677966,0.00799005681818182,0.0078125,0.015625,0.0078125,0.0465116279069767,""male"""
"0.37792004,0.032710124189632606,0.0123687744140625,0.044912109375,0.060072509765625,0.055581298828125,150.27159080872642,27789.644159917814,0.864838397630076,0.169906555193275,0.04998779296875,0.232753598809677,0.132556562092275,0.0160481444332999,0.275862068965517,0.239501953125,0.09375,0.3125,0.21875,0.191244239631336,""female"""
"0.5974118,0.021483922321938185,0.013511965223691361,0.05479550806013403,0.02824924107951458,0.02276969027350118,5.252181634174881,50.20148236422742,0.803027518457131,0.160075813328482,0.04856511501539576,0.241380981917192,0.162343348939322,0.0489296636085627,0.277456647398844,2.16981907894737,0.234375,9.9609375,9.7265625,0.098649142022636,""female"""
