"meanfreq,""sd"",""median"",""Q25"",""Q75"",""IQR"",""skew"",""kurt"",""sp.ent"",""sfm"",""mode"",""centroid"",""meanfun"",""minfun"",""maxfun"",""meandom"",""mindom"",""maxdom"",""dfrange"",""modindx"",""label"""
"0.0597809849598081,0.0642412677031359,0.032026913372582,0.0150714886459209,0.0901934398654331,0.0751219512195122,12.8634618371626,274.402905502067,0.893369416700807,0.491917766397811,0,0.0597809849598081,0.084279106440321,0.0157016683022571,0.275862068965517,0.0078125,0.0078125,0.0078125,0,0,""male"""
"0.066008740387572,0.0673100287952527,0.040228734810579,0.0194138670478914,0.0926661901358113,0.0732523230879199,22.4232853628204,634.613854542068,0.892193242265734,0.513723842537073,0,0.066008740387572,0.107936553670454,0.0158259149357072,0.25,0.00901442307692308,0.0078125,0.0546875,0.046875,0.0526315789473684,""male"""
"0.0773155026958227,0.0838294209445061,0.0367184586699814,0.00870105655686762,0.131908017402113,0.123206960845246,30.7571545800584,1024.927704721,0.846389091878782,0.478904979116727,0,0.0773155026958227,0.0987062615673936,0.0156555772994129,0.271186440677966,0.00799005681818182,0.0078125,0.015625,0.0078125,0.0465116279069767,""male"""
"0.151228091724635,0.0721105872627985,0.158011187072716,0.0965817277812306,0.207955251709136,0.111373523927906,1.23283127554372,4.17729621025317,0.963322461535984,0.727231798861951,0.0838781852082039,0.151228091724635,0.0889648485504597,0.017797552836485,0.25,0.201497395833333,0.0078125,0.5625,0.5546875,0.247119078104994,""female"""
"0.135120387296677,0.0791461004935869,0.124656228727025,0.0787202178352621,0.206044928522805,0.127324710687543,1.10117366551545,4.3337131547091,0.971955076212905,0.783568057553871,0.1042614023145,0.135120387296677,0.106397844620363,0.0169312169312169,0.266666666666667,0.7128125,0.0078125,5.484375,5.4765625,0.208273894436519,""female"""
